Workbook

Sheet AI Use Log
A1: Entry # | B1: Date | C1: Phase | D1: Task ID | E1: Description | F1: AI Tool | G1: AI Role | H1: Prompt Summary | I1: Output File(s) | J1: Human Reviewer | K1: Review Status | L1: Review Date | M1: Correctness | N1: Efficiency | O1: Edge Cases | P1: Documentation | Q1: Reproducibility | R1: Review Notes | S1: Sign-off Initials
A2: 1 | B2: 2026-03-04 | C2: 1 | D2: P1.1 | E2: Compile list of similar Zoonomia/beetle genome projects | F2: Claude | G2: Generated | H2: Search for Zoonomia methods + beetle comparative genomics papers | I2: results/phase1_literature/similar_projects_list.md | J2: Heath Blackmon | K2: Pending
A3: 2 | B3: 2026-03-10 | C3: 2 | D3: P2.1 | E3: Mine NCBI for complete beetle genomes (Entrez) | F3: Claude | G3: Generated | H3: Python script: query NCBI Entrez for Coleoptera assemblies | I3: scripts/phase2/mine_ncbi_genomes.py results/phase2_genome_inventory/ncbi_raw.csv | J3: Heath Blackmon | K3: Pending
A4: 3 | B4: 2026-03-11 | C4: 2 | D4: P2.2 | E4: Mine Ensembl/RefSeq for beetle genomes | F4: Claude | G4: Generated | H4: Python script: query Ensembl REST API for Coleoptera genomes | I4: scripts/phase2/mine_ensembl_genomes.py results/phase2_genome_inventory/ensembl_raw.csv | J4: Heath Blackmon | K4: Pending
A5: 4 | B5: 2026-03-13 | C5: 2 | D5: P2.3 | E5: Merge & deduplicate genome lists | F5: Claude | G5: Generated | H5: R script: merge CSV files, deduplicate by accession, rank quality | I5: scripts/phase2/merge_deduplicate_genomes.R data/genomes/genome_candidates_merged.csv | J5: Heath Blackmon | K5: Pending
A6: 5 | B6: 2026-03-18 | C6: 2 | D6: P2.6 | E6: Build constraint phylogenetic tree | F6: Claude | G6: Generated | H6: R script: build tree from constraint data using ape/phytools | I6: scripts/phase2/build_constraint_tree.R data/genomes/constraint_tree.nwk | J6: Heath Blackmon | K6: Pending
A7: 6 | B7: 2026-03-20 | C7: 3 | D7: P3.1 | E7: Setup ProgressiveCactus pipeline on Grace HPC | F7: Claude | G7: Generated | H7: Snakemake + SLURM scripts for Grace cluster | I7: scripts/phase3/alignment_snakefile.smk scripts/phase3/grace_slurm_template.sh | J7: Heath Blackmon | K7: Pending
A8: 7 | B8: 2026-03-23 | C8: 3 | D8: P3.3 | E8: Extract synteny blocks from HAL | F8: Claude | G8: Generated | H8: Python script: parse HAL, extract collinear blocks ≥10kb | I8: scripts/phase3/extract_synteny_from_hal.py data/synteny/synteny_blocks_raw.tsv | J8: Heath Blackmon | K8: Pending
A9: 8 | B9: 2026-03-26 | C9: 4 | D9: P4.1 | E9: Call rearrangement breakpoints from synteny data | F9: Claude | G9: Generated | H9: R script: identify inversions, fusions, fissions, translocations | I9: scripts/phase4/call_rearrangements.R data/karyotypes/rearrangements_raw.tsv | J9: Heath Blackmon | K9: Pending
A10: 9 | B10: 2026-03-28 | C10: 4 | D10: P4.2 | E10: Filter rearrangements: confirmed vs inferred | F10: Claude | G10: Generated | H10: R script: classify rearrangements by confidence criteria | I10: scripts/phase4/filter_rearrangements.R data/karyotypes/rearrangements_confirmed.tsv | J10: Heath Blackmon | K10: Pending
A11: 10 | B11: 2026-03-31 | C11: 4 | D11: P4.3-6 | E11: Map rearrangements to tree, stats, ancestral karyotypes | F11: Claude | G11: Generated | H11: R scripts: tree mapping, branch stats, parsimony reconstruction | I11: scripts/phase4/map_to_tree.R scripts/phase4/branch_stats.R scripts/phase4/reconstruct_karyotypes.R | J11: Heath Blackmon | K11: Pending
A12: 11 | B12: 2026-04-01 | C12: 5 | D12: P5.1 | E12: Interactive phylogenetic tree visualization | F12: Claude | G12: Generated | H12: R Shiny or D3.js: tree with rearrangement annotations | I12: scripts/phase5/build_interactive_tree.R results/phase5_viz_manuscript/beetle_tree_interactive.html | J12: Heath Blackmon | K12: Pending
A13: 12 | B13: 2026-04-01 | C13: 5 | D13: P5.2 | E13: Synteny dotplots for 15-20 species pairs | F13: Claude | G13: Generated | H13: R script: high-res dotplots with ggplot2 | I13: scripts/phase5/generate_dotplots.R manuscript/figures/synteny_dotplots.pdf | J13: Heath Blackmon | K13: Pending
... A17: 16 | B17: 2026-04-04 | C17: 5 | D17: P5.6 | E17: Draft Results section + assemble manuscript figures | F17: Claude | G17: Generated | H17: 3000-5000 word Results draft, Fig 1-4 with captions | I17: manuscript/drafts/results_section.docx manuscript/drafts/preprint_v1.docx | J17: Heath Blackmon | K17: Pending

Sheet Summary Stats
A1: Phase | B1: Total Entries | C1: Pending | D1: Approved | E1: Rejected
A2: 1 | B2: =COUNTIF('AI Use Log'!C:C,1) -> 1 | C2: =COUNTIFS('AI Use Log'!C:C,1,'AI Use Log'!K:K,"Pending") -> 1 | D2: =COUNTIFS('AI Use Log'!C:C,1,'AI Use Log'!K:K,"Approved") -> 0 | E2: =COUNTIFS('AI Use Log'!C:C,1,'AI Use Log'!K:K,"Rejected") -> 0
A3: 2 | B3: =COUNTIF('AI Use Log'!C:C,2) -> 4 | C3: =COUNTIFS('AI Use Log'!C:C,2,'AI Use Log'!K:K,"Pending") -> 4 | D3: =COUNTIFS('AI Use Log'!C:C,2,'AI Use Log'!K:K,"Approved") -> 0 | E3: =COUNTIFS('AI Use Log'!C:C,2,'AI Use Log'!K:K,"Rejected") -> 0
A4: 3 | B4: =COUNTIF('AI Use Log'!C:C,3) -> 2 | C4: =COUNTIFS('AI Use Log'!C:C,3,'AI Use Log'!K:K,"Pending") -> 2 | D4: =COUNTIFS('AI Use Log'!C:C,3,'AI Use Log'!K:K,"Approved") -> 0 | E4: =COUNTIFS('AI Use Log'!C:C,3,'AI Use Log'!K:K,"Rejected") -> 0
A5: 4 | B5: =COUNTIF('AI Use Log'!C:C,4) -> 3 | C5: =COUNTIFS('AI Use Log'!C:C,4,'AI Use Log'!K:K,"Pending") -> 3 | D5: =COUNTIFS('AI Use Log'!C:C,4,'AI Use Log'!K:K,"Approved") -> 0 | E5: =COUNTIFS('AI Use Log'!C:C,4,'AI Use Log'!K:K,"Rejected") -> 0
A6: 5 | B6: =COUNTIF('AI Use Log'!C:C,5) -> 6 | C6: =COUNTIFS('AI Use Log'!C:C,5,'AI Use Log'!K:K,"Pending") -> 6 | D6: =COUNTIFS('AI Use Log'!C:C,5,'AI Use Log'!K:K,"Approved") -> 0 | E6: =COUNTIFS('AI Use Log'!C:C,5,'AI Use Log'!K:K,"Rejected") -> 0
A7: TOTAL | B7: =SUM(B2:B6) -> 16 | C7: =SUM(C2:C6) -> 16 | D7: =SUM(D2:D6) -> 0 | E7: =SUM(E2:E6) -> 0

Sheet Attribution Policy
A1: AI CONTRIBUTION STATEMENT (for preprint/publication)
A3: Computational code for genome mining, phylogenetic analysis, and visualization was generated with assistance from Claude (Anthropic), an AI language model. All code was reviewed, tested, and validated by H.B. before use. A detailed log of AI-generated contributions is provided in project_management/ai_use_log.xlsx.
A5: AUTHORSHIP POLICY
A7: Claude is NOT listed as an author (per Anthropic guidelines and scientific norms). Claude is acknowledged in the Acknowledgments section. The Contributions section specifies which analyses benefited from AI assistance.
